norme_id,norme_titre,categorie,exigence_id,exigence_description,niveau_priorite,phase_cycle_vie
automotive-spice,"Automotive SPICE 4.0 Process Assessment / Reference Model",SWE,SWE.1-001,"Les exigences logicielles doivent être spécifiées, analysées et rendues cohérentes avec les exigences système allouées",Élevée,Spécification
automotive-spice,"Automotive SPICE 4.0 Process Assessment / Reference Model",SWE,SWE.1-002,"Les exigences logicielles doivent être évaluées selon des critères de qualité définis et être vérifiables",Élevée,Spécification
automotive-spice,"Automotive SPICE 4.0 Process Assessment / Reference Model",SWE,SWE.1-003,"La traçabilité bidirectionnelle entre exigences système et exigences logicielles doit être maintenue",Élevée,Spécification
automotive-spice,"Automotive SPICE 4.0 Process Assessment / Reference Model",SWE,SWE.2-001,"L'architecture logicielle doit être définie à partir des exigences logicielles et de contraintes identifiées",Élevée,Conception
automotive-spice,"Automotive SPICE 4.0 Process Assessment / Reference Model",SWE,SWE.2-002,"Les composants et interfaces logiciels doivent être identifiés et leurs responsabilités définies",Élevée,Conception
automotive-spice,"Automotive SPICE 4.0 Process Assessment / Reference Model",SWE,SWE.2-003,"L'architecture logicielle doit être évaluée pour démontrer sa conformité aux exigences",Élevée,Vérification
automotive-spice,"Automotive SPICE 4.0 Process Assessment / Reference Model",SWE,SWE.3-001,"La conception détaillée de chaque unité logicielle doit être définie de manière cohérente avec l'architecture",Élevée,Conception
automotive-spice,"Automotive SPICE 4.0 Process Assessment / Reference Model",SWE,SWE.3-002,"Les unités logicielles doivent être implémentées conformément à leur conception détaillée et aux règles de codage applicables",Élevée,Implémentation
automotive-spice,"Automotive SPICE 4.0 Process Assessment / Reference Model",SWE,SWE.3-003,"Les résultats de construction et les anomalies associées doivent être enregistrés",Moyenne,Implémentation
automotive-spice,"Automotive SPICE 4.0 Process Assessment / Reference Model",SWE,SWE.4-001,"Chaque unité logicielle doit être vérifiée selon des critères et une stratégie de test définis",Élevée,Test
automotive-spice,"Automotive SPICE 4.0 Process Assessment / Reference Model",SWE,SWE.4-002,"Les tests unitaires doivent couvrir les comportements nominaux, limites et erreurs pertinentes",Élevée,Test
automotive-spice,"Automotive SPICE 4.0 Process Assessment / Reference Model",SWE,SWE.4-003,"Les résultats de vérification et les anomalies doivent être analysés et conservés",Moyenne,Test
automotive-spice,"Automotive SPICE 4.0 Process Assessment / Reference Model",SWE,SWE.5-001,"Les composants logiciels doivent être intégrés selon une stratégie d'intégration définie",Élevée,Intégration
automotive-spice,"Automotive SPICE 4.0 Process Assessment / Reference Model",SWE,SWE.5-002,"L'intégration doit être vérifiée au regard des interfaces et des exigences d'intégration",Élevée,Test
automotive-spice,"Automotive SPICE 4.0 Process Assessment / Reference Model",SWE,SWE.5-003,"Les résultats d'intégration, écarts et corrections doivent être tracés",Moyenne,Test
automotive-spice,"Automotive SPICE 4.0 Process Assessment / Reference Model",SWE,SWE.6-001,"Le logiciel intégré doit être vérifié par rapport aux exigences logicielles approuvées",Élevée,Vérification
automotive-spice,"Automotive SPICE 4.0 Process Assessment / Reference Model",SWE,SWE.6-002,"La couverture des exigences par les tests logiciels doit être démontrée",Élevée,Vérification
automotive-spice,"Automotive SPICE 4.0 Process Assessment / Reference Model",SWE,SWE.6-003,"Les résultats de vérification doivent être évalués et les non-conformités résolues ou acceptées",Élevée,Vérification
automotive-spice,"Automotive SPICE 4.0 Process Assessment / Reference Model",VAL,VAL.1-001,"La solution intégrée doit être validée dans son environnement opérationnel prévu",Élevée,Validation
automotive-spice,"Automotive SPICE 4.0 Process Assessment / Reference Model",VAL,VAL.1-002,"Les cas de validation doivent couvrir les objectifs d'utilisation et les scénarios représentatifs",Élevée,Validation
automotive-spice,"Automotive SPICE 4.0 Process Assessment / Reference Model",VAL,VAL.1-003,"Les résultats de validation doivent être analysés et les écarts doivent faire l'objet d'une décision documentée",Élevée,Validation
automotive-spice,"Automotive SPICE 4.0 Process Assessment / Reference Model",MLE,MLE.1-001,"Les exigences du système de machine learning, y compris les objectifs de performance, doivent être spécifiées",Élevée,Spécification
automotive-spice,"Automotive SPICE 4.0 Process Assessment / Reference Model",MLE,MLE.1-002,"Les contraintes de données, d'utilisation, de sûreté et de performance du modèle doivent être identifiées",Élevée,Spécification
automotive-spice,"Automotive SPICE 4.0 Process Assessment / Reference Model",MLE,MLE.1-003,"La traçabilité entre exigences système et exigences de machine learning doit être établie",Élevée,Spécification
automotive-spice,"Automotive SPICE 4.0 Process Assessment / Reference Model",MLE,MLE.2-001,"L'architecture de la solution de machine learning doit être définie avec ses interfaces et composants",Élevée,Conception
automotive-spice,"Automotive SPICE 4.0 Process Assessment / Reference Model",MLE,MLE.2-002,"Les choix d'architecture doivent être justifiés par rapport aux exigences et contraintes identifiées",Moyenne,Conception
automotive-spice,"Automotive SPICE 4.0 Process Assessment / Reference Model",MLE,MLE.3-001,"Les données d'entraînement doivent être sélectionnées, préparées et leur qualité contrôlée",Élevée,Développement
automotive-spice,"Automotive SPICE 4.0 Process Assessment / Reference Model",MLE,MLE.3-002,"L'entraînement du modèle doit être reproductible avec les paramètres, versions et résultats enregistrés",Élevée,Développement
automotive-spice,"Automotive SPICE 4.0 Process Assessment / Reference Model",MLE,MLE.3-003,"Les jeux de données d'entraînement, de validation et de test doivent être séparés et identifiés",Élevée,Développement
automotive-spice,"Automotive SPICE 4.0 Process Assessment / Reference Model",MLE,MLE.4-001,"Le modèle de machine learning doit être testé par rapport aux exigences et aux critères de performance définis",Élevée,Test
automotive-spice,"Automotive SPICE 4.0 Process Assessment / Reference Model",MLE,MLE.4-002,"Les tests doivent couvrir les cas nominaux, les limites, les biais pertinents et les conditions défavorables",Élevée,Test
automotive-spice,"Automotive SPICE 4.0 Process Assessment / Reference Model",MLE,MLE.4-003,"Les résultats de test du modèle et les décisions de libération doivent être documentés",Élevée,Test
automotive-spice,"Automotive SPICE 4.0 Process Assessment / Reference Model",HWE,HWE.1-001,"Les exigences matérielles doivent être spécifiées à partir des exigences système allouées",Élevée,Spécification
automotive-spice,"Automotive SPICE 4.0 Process Assessment / Reference Model",HWE,HWE.1-002,"Les exigences matérielles doivent être cohérentes, non ambiguës et vérifiables",Élevée,Spécification
automotive-spice,"Automotive SPICE 4.0 Process Assessment / Reference Model",HWE,HWE.1-003,"La traçabilité entre exigences système et exigences matérielles doit être maintenue",Élevée,Spécification
automotive-spice,"Automotive SPICE 4.0 Process Assessment / Reference Model",HWE,HWE.2-001,"La conception matérielle doit être définie conformément aux exigences matérielles approuvées",Élevée,Conception
automotive-spice,"Automotive SPICE 4.0 Process Assessment / Reference Model",HWE,HWE.2-002,"Les interfaces, composants et contraintes de conception matérielle doivent être documentés",Élevée,Conception
automotive-spice,"Automotive SPICE 4.0 Process Assessment / Reference Model",HWE,HWE.2-003,"La conception matérielle doit être analysée pour identifier et traiter les risques et écarts",Moyenne,Conception
automotive-spice,"Automotive SPICE 4.0 Process Assessment / Reference Model",HWE,HWE.3-001,"La conception matérielle doit être vérifiée selon une stratégie et des critères définis",Élevée,Vérification
automotive-spice,"Automotive SPICE 4.0 Process Assessment / Reference Model",HWE,HWE.3-002,"Les interfaces et comportements des composants matériels doivent être vérifiés",Élevée,Vérification
automotive-spice,"Automotive SPICE 4.0 Process Assessment / Reference Model",HWE,HWE.4-001,"Le matériel réalisé doit être vérifié par rapport aux exigences matérielles",Élevée,Vérification
automotive-spice,"Automotive SPICE 4.0 Process Assessment / Reference Model",HWE,HWE.4-002,"La couverture des exigences matérielles par les résultats de vérification doit être démontrée",Élevée,Vérification
automotive-spice,"Automotive SPICE 4.0 Process Assessment / Reference Model",SUP,SUP.1-001,"Les processus et produits de travail doivent être évalués indépendamment par rapport à des critères définis",Élevée,Assurance qualité
automotive-spice,"Automotive SPICE 4.0 Process Assessment / Reference Model",SUP,SUP.1-002,"Les non-conformités détectées par l'assurance qualité doivent être enregistrées, suivies et clôturées",Élevée,Assurance qualité
automotive-spice,"Automotive SPICE 4.0 Process Assessment / Reference Model",SUP,SUP.8-001,"Les éléments de configuration, leurs versions et leurs relations doivent être identifiés",Élevée,Configuration
automotive-spice,"Automotive SPICE 4.0 Process Assessment / Reference Model",SUP,SUP.8-002,"Les changements de configuration doivent être contrôlés et l'état des configurations doit être communiqué",Élevée,Configuration
automotive-spice,"Automotive SPICE 4.0 Process Assessment / Reference Model",SUP,SUP.9-001,"Les problèmes doivent être identifiés, enregistrés, analysés et classés selon leur impact",Élevée,Maintenance
automotive-spice,"Automotive SPICE 4.0 Process Assessment / Reference Model",SUP,SUP.9-002,"Les corrections doivent être vérifiées et les problèmes clôturés sur la base de preuves",Élevée,Maintenance
automotive-spice,"Automotive SPICE 4.0 Process Assessment / Reference Model",SUP,SUP.10-001,"Les demandes de changement doivent être enregistrées, analysées, approuvées et priorisées",Élevée,Changement
automotive-spice,"Automotive SPICE 4.0 Process Assessment / Reference Model",SUP,SUP.10-002,"L'impact des changements sur les exigences, produits, risques et planning doit être évalué",Élevée,Changement
automotive-spice,"Automotive SPICE 4.0 Process Assessment / Reference Model",SUP,SUP.11-001,"Les jeux de données de machine learning doivent être identifiés, versionnés et protégés contre les modifications non contrôlées",Élevée,Gestion des données
automotive-spice,"Automotive SPICE 4.0 Process Assessment / Reference Model",SUP,SUP.11-002,"L'origine, la qualité, les droits d'utilisation et les transformations des données doivent être traçables",Élevée,Gestion des données
automotive-spice,"Automotive SPICE 4.0 Process Assessment / Reference Model",MAN,MAN.3-001,"Le périmètre, les objectifs, les activités, les responsabilités et les ressources du projet doivent être planifiés",Élevée,Planification
automotive-spice,"Automotive SPICE 4.0 Process Assessment / Reference Model",MAN,MAN.3-002,"L'avancement du projet doit être suivi par rapport au plan et les écarts doivent être traités",Élevée,Suivi
automotive-spice,"Automotive SPICE 4.0 Process Assessment / Reference Model",MAN,MAN.5-001,"Les risques projet doivent être identifiés, analysés, priorisés et suivis jusqu'à leur traitement",Élevée,Gestion des risques
automotive-spice,"Automotive SPICE 4.0 Process Assessment / Reference Model",MAN,MAN.6-001,"Les mesures nécessaires au pilotage et à l'évaluation des processus doivent être définies et collectées",Moyenne,Mesure
automotive-spice,"Automotive SPICE 4.0 Process Assessment / Reference Model",PIM,PIM.3-001,"Les opportunités d'amélioration des processus doivent être identifiées à partir des données et retours d'expérience",Moyenne,Amélioration
automotive-spice,"Automotive SPICE 4.0 Process Assessment / Reference Model",PIM,PIM.3-002,"Les améliorations décidées doivent être planifiées, mises en œuvre et évaluées",Moyenne,Amélioration