categorie_pertinence,norme,regle_principale,description,source_id
Cybersécurité,ISO/SAE 21434:2021,"Cadre de cybersécurité pour véhicules","Engineering cybersécurité pour tous les systèmes électriques et électroniques dans les véhicules routiers, couvrant le cycle de vie complet du développement",iso-sae-21434
Cybersécurité,ISO/SAE 21434:2021,"Gestion des risques cybersécurité","Processus d'évaluation des risques et management des risques cybersécurité intégrés dans le développement de véhicules",iso-sae-21434
Cybersécurité,ISO/SAE 21434:2021,"Intégration sécurité fonctionnelle","ISO/SAE 21434 est complémentaire à ISO 26262 (sécurité fonctionnelle) - les deux normes doivent être implémentées ensemble",iso-sae-21434
Cybersécurité,ISO/SAE 21434:2021,"Approche agnostique technologique","La norme se concentre sur les processus et la gestion des risques plutôt que sur des outils ou solutions spécifiques",iso-sae-21434
Cybersécurité,SAE J3061,"Guide cybersécurité systèmes cyber-physiques","Fournit des principes directeurs de haut niveau pour la cybersécurité des systèmes cyber-physiques de véhicules",sae-j3061
Cybersécurité,SAE J3061,"Cadre cycle de vie complet","Définit un processus de cycle de vie complet qui peut être adapté et utilisé dans les processus de développement de chaque organisation",sae-j3061
Cybersécurité,SAE J3061,"Outils et méthodes de conception","Fournit des informations sur les outils et méthodes courants utilisés lors de la conception, vérification et validation des systèmes cyber-physiques",sae-j3061
Cybersécurité,SAE J3061,"Analyse de menaces et risques","Les annexes A-C décrivent des techniques pour l'analyse de menaces et évaluation des risques, modélisation des menaces et analyse des vulnérabilités",sae-j3061
Cybersécurité,SAE J3061,"Contrôles de sécurité NIST","L'annexe D fournit un aperçu des contrôles de cybersécurité et de confidentialité dérivés de NIST SP 800-53",sae-j3061
Cybersécurité,SAE J3061,"Base de données vulnérabilités","L'annexe E fournit des références à des bases de données de vulnérabilités disponibles et schémas de classification",sae-j3061
Cybersécurité,SAE J3061,"Considérations niveau véhicule","L'annexe F décrit les considérations au niveau véhicule, y compris de bonnes pratiques de conception pour l'architecture électrique",sae-j3061
Cybersécurité,SAE J3061,"Standards pertinents","L'annexe G liste les standards et lignes directrices de cybersécurité actuels d'intérêt potentiel pour l'industrie automobile",sae-j3061
Cybersécurité,SAE J3061,"Projets de recherche","L'annexe H fournit un aperçu des projets de recherche liés à la cybersécurité automobile à partir de 2004",sae-j3061
Cybersécurité,SAE J3061,"Outils de test de sécurité","L'annexe I décrit certains outils de test de sécurité existants d'intérêt potentiel pour l'industrie automobile",sae-j3061
Sécurité fonctionnelle,IEC 61508,"Sécurité fonctionnelle générale","Norme fondamentale pour la sécurité fonctionnelle des systèmes électriques/électroniques programmables",iec-61508
Sécurité fonctionnelle,IEC 61508,"Niveaux d'intégrité de sécurité","Définit les SIL (Safety Integrity Levels) pour évaluer et classer les exigences de sécurité fonctionnelle",iec-61508
Communication,ISO 15765,"Communication diagnostic sur CAN","Diagnostic communication over Controller Area Network - protocole de communication de diagnostic via bus CAN",iso-15765
Communication,ISO 15765,"Transport de messages diagnostic","Spécifie le transport de messages de diagnostic sur le réseau CAN pour les véhicules",iso-15765
Processus qualité,Automotive SPICE,"Modèle d'évaluation de processus","Process Assessment Model pour l'industrie automobile - évaluation et amélioration des processus de développement",automotive-spice
Processus qualité,Automotive SPICE,"Référentiel de processus","Fournit un modèle de référence de processus pour le développement de systèmes embarqués automobiles",automotive-spice
Processus qualité,Automotive SPICE,"Niveaux de capacité","Définit des niveaux de capacité pour évaluer la maturité des processus de développement",automotive-spice
Réglementation,UNECE R155,"Système de gestion cybersécurité","Réglementation UN pour la cybersécurité et le système de gestion de cybersécurité des véhicules",unece-r155
Réglementation,UNECE R156,"Mise à jour logicielle","Réglementation UN pour la mise à jour logicielle et le système de gestion de mise à jour logicielle",unece-r156
Réglementation,UNECE R157,"Systèmes de maintien de voie","Réglementation UN pour les systèmes automatisés de maintien de voie (ALKS)",unece-r157
Sécurité fonctionnelle,ISO 26262,"Sécurité fonctionnelle automobile","Série de 10 parties pour la sécurité fonctionnelle des systèmes électriques/électroniques dans les véhicules routiers",iso-26262-package
Sécurité SOTIF,ISO 21448,"Sécurité de la fonctionnalité prévue","Safety of the Intended Functionality - gère les risques résultant de performances insuffisantes",iso-21448
Sécurité ADS,ISO/TS 5083,"Sécurité systèmes conduite automatisée","Safety for Automated Driving Systems - vérification et validation de la conception ADS",iso-ts-5083
Audit cybersécurité,ISO/PAS 5112,"Guide d'audit cybersécurité","Guidelines for auditing cybersecurity engineering - guide pour l'audit des processus d'ingénierie cybersécurité",iso-pas-5112
Mise à jour logicielle,ISO 24089,"Ingénierie mise à jour logicielle","Software update engineering - processus de mise à jour logicielle pour véhicules",iso-24089
Sécurité information,ISO/IEC 27001,"Système management sécurité information","Information security management systems - norme pour la gestion de la sécurité de l'information",iso-iec-27001
Architecture,AUTOSAR,"Architecture logicielle automobile","Standards AUTOSAR pour Classic, Adaptive et Foundation - architecture logicielle standardisée",autosar-standards
Communication bus,ISO 11898,"Réseau CAN","Controller Area Network - protocole de communication bus standard pour l'automobile",iso-11898
Communication bus,ISO 17987,"Réseau LIN","Local Interconnect Network - protocole de communication bas coût pour l'automobile",iso-17987
Diagnostic,ISO 13400,"Communication diagnostic IP","Diagnostic communication over Internet Protocol - diagnostic via réseau IP",iso-13400
Diagnostic,ISO 14229,"Services de diagnostic unifiés","Unified Diagnostic Services - protocole standard de diagnostic UDS",iso-14229
Recharge véhicule,ISO 15118,"Communication véhicule-réseau","Vehicle to grid communication interface - communication pour recharge et V2G",iso-15118
Évaluation processus,ISO/IEC 330xx,"Évaluation de processus","Famille de normes pour l'évaluation de processus - successeur de SPICE",iso-iec-330xx
Qualité automobile,IATF 16949,"Management qualité automobile","Automotive quality management system - certification qualité pour l'industrie automobile",iatf-16949
Codage,MISRA,"Règles de codage","Guidelines MISRA - règles de codage sécurisé pour C/C++ et autres langages",misra